signal_id,location,timestamp,green_time,red_time
signal_2,Main_Street_Crossing,2024-10-11 08:00:00,43,40
signal_2,Second_Street_Crossing,2024-10-11 08:05:00,53,51
signal_3,Third_Street_Crossing,2024-10-11 08:10:00,58,24
signal_1,Second_Street_Crossing,2024-10-11 08:15:00,24,58
signal_2,Second_Street_Crossing,2024-10-11 08:20:00,34,28
signal_2,Main_Street_Crossing,2024-10-11 08:25:00,23,37
signal_2,Third_Street_Crossing,2024-10-11 08:30:00,58,40
signal_1,Second_Street_Crossing,2024-10-11 08:35:00,27,27
signal_2,Third_Street_Crossing,2024-10-11 08:40:00,43,53
signal_2,Main_Street_Crossing,2024-10-11 08:45:00,47,29
signal_3,Third_Street_Crossing,2024-10-11 08:50:00,46,43
signal_1,Second_Street_Crossing,2024-10-11 08:55:00,20,59
signal_3,Second_Street_Crossing,2024-10-11 09:00:00,53,43
signal_1,Third_Street_Crossing,2024-10-11 09:05:00,36,51
signal_1,Second_Street_Crossing,2024-10-11 09:10:00,56,52
signal_1,Second_Street_Crossing,2024-10-11 09:15:00,57,57
signal_3,Second_Street_Crossing,2024-10-11 09:20:00,45,53
signal_3,Main_Street_Crossing,2024-10-11 09:25:00,43,30
signal_3,Main_Street_Crossing,2024-10-11 09:30:00,58,50
signal_3,Second_Street_Crossing,2024-10-11 09:35:00,40,37
signal_2,Third_Street_Crossing,2024-10-11 09:40:00,49,42
signal_2,Main_Street_Crossing,2024-10-11 09:45:00,32,41
signal_2,Third_Street_Crossing,2024-10-11 09:50:00,56,37
signal_1,Second_Street_Crossing,2024-10-11 09:55:00,22,59
signal_2,Second_Street_Crossing,2024-10-11 10:00:00,51,58
signal_1,Third_Street_Crossing,2024-10-11 10:05:00,54,39
signal_3,Main_Street_Crossing,2024-10-11 10:10:00,38,32
signal_1,Third_Street_Crossing,2024-10-11 10:15:00,33,20
signal_1,Third_Street_Crossing,2024-10-11 10:20:00,41,23
signal_2,Second_Street_Crossing,2024-10-11 10:25:00,36,43
signal_3,Main_Street_Crossing,2024-10-11 10:30:00,23,55
signal_3,Third_Street_Crossing,2024-10-11 10:35:00,59,55
signal_2,Main_Street_Crossing,2024-10-11 10:40:00,38,21
signal_3,Second_Street_Crossing,2024-10-11 10:45:00,56,47
signal_3,Main_Street_Crossing,2024-10-11 10:50:00,21,45
signal_3,Second_Street_Crossing,2024-10-11 10:55:00,34,42
signal_2,Main_Street_Crossing,2024-10-11 11:00:00,21,34
signal_3,Third_Street_Crossing,2024-10-11 11:05:00,30,55
signal_1,Second_Street_Crossing,2024-10-11 11:10:00,42,46
signal_1,Third_Street_Crossing,2024-10-11 11:15:00,29,25
signal_3,Second_Street_Crossing,2024-10-11 11:20:00,22,54
signal_2,Main_Street_Crossing,2024-10-11 11:25:00,24,58
signal_2,Main_Street_Crossing,2024-10-11 11:30:00,22,57
signal_2,Second_Street_Crossing,2024-10-11 11:35:00,57,54
signal_3,Second_Street_Crossing,2024-10-11 11:40:00,32,55
signal_3,Second_Street_Crossing,2024-10-11 11:45:00,38,29
signal_1,Main_Street_Crossing,2024-10-11 11:50:00,59,49
signal_2,Second_Street_Crossing,2024-10-11 11:55:00,54,57
signal_1,Second_Street_Crossing,2024-10-11 12:00:00,43,48
signal_1,Third_Street_Crossing,2024-10-11 12:05:00,43,58
signal_2,Second_Street_Crossing,2024-10-11 12:10:00,36,23
signal_3,Third_Street_Crossing,2024-10-11 12:15:00,59,24
signal_3,Third_Street_Crossing,2024-10-11 12:20:00,29,23
signal_1,Third_Street_Crossing,2024-10-11 12:25:00,21,55
signal_1,Main_Street_Crossing,2024-10-11 12:30:00,42,35
signal_1,Third_Street_Crossing,2024-10-11 12:35:00,25,44
signal_1,Second_Street_Crossing,2024-10-11 12:40:00,21,33
signal_2,Main_Street_Crossing,2024-10-11 12:45:00,40,30
signal_1,Main_Street_Crossing,2024-10-11 12:50:00,54,48
signal_1,Main_Street_Crossing,2024-10-11 12:55:00,48,53
signal_3,Main_Street_Crossing,2024-10-11 13:00:00,26,41
signal_3,Main_Street_Crossing,2024-10-11 13:05:00,48,33
signal_3,Main_Street_Crossing,2024-10-11 13:10:00,56,43
signal_2,Main_Street_Crossing,2024-10-11 13:15:00,42,58
signal_2,Third_Street_Crossing,2024-10-11 13:20:00,52,45
signal_3,Second_Street_Crossing,2024-10-11 13:25:00,27,55
signal_3,Second_Street_Crossing,2024-10-11 13:30:00,31,58
signal_1,Third_Street_Crossing,2024-10-11 13:35:00,29,35
signal_1,Third_Street_Crossing,2024-10-11 13:40:00,34,57
signal_2,Main_Street_Crossing,2024-10-11 13:45:00,43,51
signal_2,Main_Street_Crossing,2024-10-11 13:50:00,45,25
signal_1,Third_Street_Crossing,2024-10-11 13:55:00,58,53
signal_3,Main_Street_Crossing,2024-10-11 14:00:00,22,27
signal_1,Second_Street_Crossing,2024-10-11 14:05:00,21,49
signal_2,Second_Street_Crossing,2024-10-11 14:10:00,25,46
signal_2,Main_Street_Crossing,2024-10-11 14:15:00,40,26
signal_1,Main_Street_Crossing,2024-10-11 14:20:00,28,46
signal_1,Main_Street_Crossing,2024-10-11 14:25:00,29,44
signal_1,Second_Street_Crossing,2024-10-11 14:30:00,55,34
signal_2,Main_Street_Crossing,2024-10-11 14:35:00,22,44
signal_3,Third_Street_Crossing,2024-10-11 14:40:00,43,41
signal_1,Main_Street_Crossing,2024-10-11 14:45:00,41,37
signal_2,Third_Street_Crossing,2024-10-11 14:50:00,33,31
signal_2,Main_Street_Crossing,2024-10-11 14:55:00,46,42
signal_2,Main_Street_Crossing,2024-10-11 15:00:00,52,58
signal_1,Second_Street_Crossing,2024-10-11 15:05:00,41,44
signal_1,Third_Street_Crossing,2024-10-11 15:10:00,48,29
signal_3,Third_Street_Crossing,2024-10-11 15:15:00,38,49
signal_2,Third_Street_Crossing,2024-10-11 15:20:00,38,29
signal_1,Second_Street_Crossing,2024-10-11 15:25:00,25,53
signal_2,Third_Street_Crossing,2024-10-11 15:30:00,38,32
signal_2,Second_Street_Crossing,2024-10-11 15:35:00,32,48
signal_3,Main_Street_Crossing,2024-10-11 15:40:00,45,57
signal_1,Main_Street_Crossing,2024-10-11 15:45:00,41,28
signal_1,Third_Street_Crossing,2024-10-11 15:50:00,40,32
signal_2,Main_Street_Crossing,2024-10-11 15:55:00,55,56
signal_2,Main_Street_Crossing,2024-10-11 16:00:00,21,33
signal_3,Third_Street_Crossing,2024-10-11 16:05:00,49,56
signal_3,Main_Street_Crossing,2024-10-11 16:10:00,46,28
signal_3,Third_Street_Crossing,2024-10-11 16:15:00,26,27
signal_3,Third_Street_Crossing,2024-10-11 16:20:00,39,58
signal_3,Main_Street_Crossing,2024-10-11 16:25:00,50,59
signal_3,Main_Street_Crossing,2024-10-11 16:30:00,42,22
signal_2,Main_Street_Crossing,2024-10-11 16:35:00,32,59
signal_3,Main_Street_Crossing,2024-10-11 16:40:00,36,52
signal_2,Main_Street_Crossing,2024-10-11 16:45:00,23,51
signal_2,Second_Street_Crossing,2024-10-11 16:50:00,33,26
signal_1,Main_Street_Crossing,2024-10-11 16:55:00,39,38
signal_2,Second_Street_Crossing,2024-10-11 17:00:00,32,53
signal_2,Third_Street_Crossing,2024-10-11 17:05:00,22,33
signal_3,Main_Street_Crossing,2024-10-11 17:10:00,45,38
signal_2,Main_Street_Crossing,2024-10-11 17:15:00,45,45
signal_3,Main_Street_Crossing,2024-10-11 17:20:00,37,36
signal_3,Third_Street_Crossing,2024-10-11 17:25:00,51,47
signal_3,Second_Street_Crossing,2024-10-11 17:30:00,33,38
signal_1,Second_Street_Crossing,2024-10-11 17:35:00,22,46
signal_3,Main_Street_Crossing,2024-10-11 17:40:00,20,38
signal_2,Main_Street_Crossing,2024-10-11 17:45:00,45,52
signal_3,Main_Street_Crossing,2024-10-11 17:50:00,43,26
signal_3,Main_Street_Crossing,2024-10-11 17:55:00,54,48
signal_3,Third_Street_Crossing,2024-10-11 18:00:00,33,24
signal_1,Main_Street_Crossing,2024-10-11 18:05:00,22,49
signal_2,Third_Street_Crossing,2024-10-11 18:10:00,32,27
signal_1,Main_Street_Crossing,2024-10-11 18:15:00,33,31
signal_2,Second_Street_Crossing,2024-10-11 18:20:00,40,32
signal_1,Second_Street_Crossing,2024-10-11 18:25:00,45,45
signal_2,Main_Street_Crossing,2024-10-11 18:30:00,22,37
signal_1,Main_Street_Crossing,2024-10-11 18:35:00,59,39
signal_3,Third_Street_Crossing,2024-10-11 18:40:00,23,35
signal_1,Main_Street_Crossing,2024-10-11 18:45:00,55,56
signal_1,Main_Street_Crossing,2024-10-11 18:50:00,20,22
signal_3,Main_Street_Crossing,2024-10-11 18:55:00,59,46
signal_3,Second_Street_Crossing,2024-10-11 19:00:00,52,34
signal_2,Third_Street_Crossing,2024-10-11 19:05:00,26,53
signal_2,Second_Street_Crossing,2024-10-11 19:10:00,30,41
signal_2,Third_Street_Crossing,2024-10-11 19:15:00,46,59
signal_1,Second_Street_Crossing,2024-10-11 19:20:00,33,42
signal_2,Main_Street_Crossing,2024-10-11 19:25:00,41,23
signal_1,Second_Street_Crossing,2024-10-11 19:30:00,35,42
signal_1,Second_Street_Crossing,2024-10-11 19:35:00,31,28
signal_2,Third_Street_Crossing,2024-10-11 19:40:00,29,43
signal_2,Third_Street_Crossing,2024-10-11 19:45:00,43,40
signal_1,Second_Street_Crossing,2024-10-11 19:50:00,37,35
signal_3,Third_Street_Crossing,2024-10-11 19:55:00,41,44
signal_3,Third_Street_Crossing,2024-10-11 20:00:00,28,45
signal_1,Third_Street_Crossing,2024-10-11 20:05:00,36,28
signal_2,Third_Street_Crossing,2024-10-11 20:10:00,57,34
signal_1,Third_Street_Crossing,2024-10-11 20:15:00,59,58
signal_1,Second_Street_Crossing,2024-10-11 20:20:00,32,52
signal_2,Third_Street_Crossing,2024-10-11 20:25:00,56,20
signal_3,Main_Street_Crossing,2024-10-11 20:30:00,25,24
signal_1,Second_Street_Crossing,2024-10-11 20:35:00,40,28
signal_3,Second_Street_Crossing,2024-10-11 20:40:00,55,25
signal_3,Second_Street_Crossing,2024-10-11 20:45:00,26,47
signal_2,Third_Street_Crossing,2024-10-11 20:50:00,55,45
signal_1,Main_Street_Crossing,2024-10-11 20:55:00,44,47
signal_1,Third_Street_Crossing,2024-10-11 21:00:00,30,59
signal_3,Second_Street_Crossing,2024-10-11 21:05:00,33,34
signal_3,Second_Street_Crossing,2024-10-11 21:10:00,48,25
signal_2,Second_Street_Crossing,2024-10-11 21:15:00,29,46
signal_3,Second_Street_Crossing,2024-10-11 21:20:00,24,57
signal_2,Third_Street_Crossing,2024-10-11 21:25:00,27,23
signal_1,Main_Street_Crossing,2024-10-11 21:30:00,24,30
signal_2,Main_Street_Crossing,2024-10-11 21:35:00,43,40
signal_3,Second_Street_Crossing,2024-10-11 21:40:00,59,49
signal_1,Main_Street_Crossing,2024-10-11 21:45:00,45,37
signal_2,Second_Street_Crossing,2024-10-11 21:50:00,25,54
signal_1,Second_Street_Crossing,2024-10-11 21:55:00,35,22
signal_2,Main_Street_Crossing,2024-10-11 22:00:00,55,31
signal_3,Second_Street_Crossing,2024-10-11 22:05:00,31,46
signal_3,Main_Street_Crossing,2024-10-11 22:10:00,30,49
signal_1,Second_Street_Crossing,2024-10-11 22:15:00,22,40
signal_1,Main_Street_Crossing,2024-10-11 22:20:00,56,57
signal_1,Second_Street_Crossing,2024-10-11 22:25:00,25,40
signal_2,Main_Street_Crossing,2024-10-11 22:30:00,38,57
signal_3,Second_Street_Crossing,2024-10-11 22:35:00,37,59
signal_1,Second_Street_Crossing,2024-10-11 22:40:00,35,34
signal_1,Second_Street_Crossing,2024-10-11 22:45:00,42,37
signal_1,Main_Street_Crossing,2024-10-11 22:50:00,56,48
signal_2,Third_Street_Crossing,2024-10-11 22:55:00,28,57
signal_1,Second_Street_Crossing,2024-10-11 23:00:00,22,40
signal_1,Second_Street_Crossing,2024-10-11 23:05:00,27,36
signal_2,Main_Street_Crossing,2024-10-11 23:10:00,57,37
signal_2,Second_Street_Crossing,2024-10-11 23:15:00,23,56
signal_1,Second_Street_Crossing,2024-10-11 23:20:00,31,57
signal_1,Second_Street_Crossing,2024-10-11 23:25:00,50,31
signal_2,Second_Street_Crossing,2024-10-11 23:30:00,44,30
signal_3,Third_Street_Crossing,2024-10-11 23:35:00,35,39
signal_2,Third_Street_Crossing,2024-10-11 23:40:00,33,28
signal_3,Second_Street_Crossing,2024-10-11 23:45:00,32,20
signal_1,Second_Street_Crossing,2024-10-11 23:50:00,26,22
signal_1,Second_Street_Crossing,2024-10-11 23:55:00,31,40
signal_3,Third_Street_Crossing,2024-10-12 00:00:00,56,42
signal_2,Third_Street_Crossing,2024-10-12 00:05:00,23,28
signal_1,Main_Street_Crossing,2024-10-12 00:10:00,21,38
signal_3,Main_Street_Crossing,2024-10-12 00:15:00,54,38
signal_2,Second_Street_Crossing,2024-10-12 00:20:00,22,42
signal_3,Second_Street_Crossing,2024-10-12 00:25:00,23,46
signal_2,Third_Street_Crossing,2024-10-12 00:30:00,57,46
signal_2,Second_Street_Crossing,2024-10-12 00:35:00,31,58
signal_2,Second_Street_Crossing,2024-10-12 00:40:00,38,55
signal_2,Third_Street_Crossing,2024-10-12 00:45:00,29,31
signal_3,Third_Street_Crossing,2024-10-12 00:50:00,20,46
signal_3,Third_Street_Crossing,2024-10-12 00:55:00,36,53
signal_3,Third_Street_Crossing,2024-10-12 01:00:00,35,52
signal_3,Main_Street_Crossing,2024-10-12 01:05:00,28,47
signal_3,Third_Street_Crossing,2024-10-12 01:10:00,28,50
signal_2,Third_Street_Crossing,2024-10-12 01:15:00,28,51
signal_1,Second_Street_Crossing,2024-10-12 01:20:00,31,39
signal_1,Second_Street_Crossing,2024-10-12 01:25:00,34,59
signal_3,Second_Street_Crossing,2024-10-12 01:30:00,21,54
signal_3,Main_Street_Crossing,2024-10-12 01:35:00,30,50
signal_1,Third_Street_Crossing,2024-10-12 01:40:00,30,50
signal_2,Third_Street_Crossing,2024-10-12 01:45:00,27,57
signal_3,Main_Street_Crossing,2024-10-12 01:50:00,51,41
signal_2,Third_Street_Crossing,2024-10-12 01:55:00,25,28
signal_1,Second_Street_Crossing,2024-10-12 02:00:00,39,28
signal_1,Main_Street_Crossing,2024-10-12 02:05:00,58,34
signal_3,Third_Street_Crossing,2024-10-12 02:10:00,54,32
signal_2,Main_Street_Crossing,2024-10-12 02:15:00,27,41
signal_3,Main_Street_Crossing,2024-10-12 02:20:00,53,35
signal_1,Third_Street_Crossing,2024-10-12 02:25:00,38,51
signal_2,Second_Street_Crossing,2024-10-12 02:30:00,26,21
signal_3,Third_Street_Crossing,2024-10-12 02:35:00,50,45
signal_3,Third_Street_Crossing,2024-10-12 02:40:00,37,33
signal_3,Second_Street_Crossing,2024-10-12 02:45:00,59,57
signal_1,Third_Street_Crossing,2024-10-12 02:50:00,33,53
signal_3,Third_Street_Crossing,2024-10-12 02:55:00,58,27
signal_2,Third_Street_Crossing,2024-10-12 03:00:00,55,55
signal_3,Main_Street_Crossing,2024-10-12 03:05:00,36,40
signal_1,Main_Street_Crossing,2024-10-12 03:10:00,56,47
signal_3,Main_Street_Crossing,2024-10-12 03:15:00,28,25
signal_1,Third_Street_Crossing,2024-10-12 03:20:00,39,39
signal_1,Second_Street_Crossing,2024-10-12 03:25:00,47,50
signal_2,Main_Street_Crossing,2024-10-12 03:30:00,39,52
signal_2,Second_Street_Crossing,2024-10-12 03:35:00,55,26
signal_3,Third_Street_Crossing,2024-10-12 03:40:00,46,27
signal_1,Main_Street_Crossing,2024-10-12 03:45:00,27,28
signal_1,Third_Street_Crossing,2024-10-12 03:50:00,51,21
signal_2,Second_Street_Crossing,2024-10-12 03:55:00,20,36
signal_2,Main_Street_Crossing,2024-10-12 04:00:00,36,56
signal_3,Main_Street_Crossing,2024-10-12 04:05:00,28,36
signal_1,Main_Street_Crossing,2024-10-12 04:10:00,39,57
signal_2,Main_Street_Crossing,2024-10-12 04:15:00,51,54
signal_3,Second_Street_Crossing,2024-10-12 04:20:00,21,58
signal_1,Main_Street_Crossing,2024-10-12 04:25:00,51,49
signal_1,Third_Street_Crossing,2024-10-12 04:30:00,28,25
signal_2,Main_Street_Crossing,2024-10-12 04:35:00,49,23
signal_3,Second_Street_Crossing,2024-10-12 04:40:00,39,56
signal_2,Main_Street_Crossing,2024-10-12 04:45:00,57,54
signal_3,Second_Street_Crossing,2024-10-12 04:50:00,20,28
signal_1,Second_Street_Crossing,2024-10-12 04:55:00,24,25
signal_3,Third_Street_Crossing,2024-10-12 05:00:00,54,32
signal_3,Main_Street_Crossing,2024-10-12 05:05:00,55,41
signal_3,Main_Street_Crossing,2024-10-12 05:10:00,20,47
signal_3,Main_Street_Crossing,2024-10-12 05:15:00,33,49
signal_3,Third_Street_Crossing,2024-10-12 05:20:00,28,55
signal_2,Third_Street_Crossing,2024-10-12 05:25:00,49,21
signal_3,Second_Street_Crossing,2024-10-12 05:30:00,43,55
signal_3,Second_Street_Crossing,2024-10-12 05:35:00,23,27
signal_1,Second_Street_Crossing,2024-10-12 05:40:00,33,28
signal_3,Third_Street_Crossing,2024-10-12 05:45:00,44,20
signal_1,Third_Street_Crossing,2024-10-12 05:50:00,23,32
signal_2,Third_Street_Crossing,2024-10-12 05:55:00,44,34
signal_2,Second_Street_Crossing,2024-10-12 06:00:00,29,51
signal_3,Third_Street_Crossing,2024-10-12 06:05:00,54,53
signal_2,Second_Street_Crossing,2024-10-12 06:10:00,26,50
signal_3,Second_Street_Crossing,2024-10-12 06:15:00,32,33
signal_2,Main_Street_Crossing,2024-10-12 06:20:00,23,33
signal_3,Main_Street_Crossing,2024-10-12 06:25:00,55,48
signal_3,Main_Street_Crossing,2024-10-12 06:30:00,33,38
signal_1,Second_Street_Crossing,2024-10-12 06:35:00,37,46
signal_1,Main_Street_Crossing,2024-10-12 06:40:00,27,28
signal_1,Main_Street_Crossing,2024-10-12 06:45:00,51,56
signal_1,Main_Street_Crossing,2024-10-12 06:50:00,46,56
signal_3,Third_Street_Crossing,2024-10-12 06:55:00,56,47
signal_2,Second_Street_Crossing,2024-10-12 07:00:00,42,43
signal_3,Main_Street_Crossing,2024-10-12 07:05:00,26,47
signal_1,Third_Street_Crossing,2024-10-12 07:10:00,31,55
signal_1,Third_Street_Crossing,2024-10-12 07:15:00,44,37
signal_2,Third_Street_Crossing,2024-10-12 07:20:00,22,44
signal_1,Main_Street_Crossing,2024-10-12 07:25:00,45,54
signal_3,Third_Street_Crossing,2024-10-12 07:30:00,23,23
signal_3,Second_Street_Crossing,2024-10-12 07:35:00,55,33
signal_3,Third_Street_Crossing,2024-10-12 07:40:00,34,58
signal_3,Third_Street_Crossing,2024-10-12 07:45:00,51,45
signal_3,Third_Street_Crossing,2024-10-12 07:50:00,48,27
signal_2,Third_Street_Crossing,2024-10-12 07:55:00,29,43
signal_3,Second_Street_Crossing,2024-10-12 08:00:00,40,35
signal_1,Main_Street_Crossing,2024-10-12 08:05:00,35,39
signal_1,Second_Street_Crossing,2024-10-12 08:10:00,38,34
signal_1,Second_Street_Crossing,2024-10-12 08:15:00,48,26
signal_1,Main_Street_Crossing,2024-10-12 08:20:00,37,36
signal_2,Third_Street_Crossing,2024-10-12 08:25:00,35,41
signal_1,Main_Street_Crossing,2024-10-12 08:30:00,20,41
signal_2,Main_Street_Crossing,2024-10-12 08:35:00,21,31
signal_1,Second_Street_Crossing,2024-10-12 08:40:00,34,37
signal_2,Main_Street_Crossing,2024-10-12 08:45:00,58,34
signal_2,Third_Street_Crossing,2024-10-12 08:50:00,47,56
signal_2,Second_Street_Crossing,2024-10-12 08:55:00,20,35
signal_1,Third_Street_Crossing,2024-10-12 09:00:00,24,24
signal_2,Second_Street_Crossing,2024-10-12 09:05:00,41,21
signal_3,Third_Street_Crossing,2024-10-12 09:10:00,55,47
signal_3,Main_Street_Crossing,2024-10-12 09:15:00,32,46
signal_1,Main_Street_Crossing,2024-10-12 09:20:00,20,50
signal_3,Main_Street_Crossing,2024-10-12 09:25:00,35,55
signal_3,Third_Street_Crossing,2024-10-12 09:30:00,41,20
signal_3,Second_Street_Crossing,2024-10-12 09:35:00,51,48
signal_1,Second_Street_Crossing,2024-10-12 09:40:00,35,20
signal_1,Second_Street_Crossing,2024-10-12 09:45:00,34,27
signal_3,Main_Street_Crossing,2024-10-12 09:50:00,31,35
signal_1,Third_Street_Crossing,2024-10-12 09:55:00,20,47
signal_2,Second_Street_Crossing,2024-10-12 10:00:00,36,41
signal_3,Third_Street_Crossing,2024-10-12 10:05:00,47,37
signal_1,Second_Street_Crossing,2024-10-12 10:10:00,26,41
signal_1,Main_Street_Crossing,2024-10-12 10:15:00,28,31
signal_3,Third_Street_Crossing,2024-10-12 10:20:00,41,38
signal_1,Second_Street_Crossing,2024-10-12 10:25:00,45,44
signal_3,Second_Street_Crossing,2024-10-12 10:30:00,31,24
signal_1,Second_Street_Crossing,2024-10-12 10:35:00,26,53
signal_2,Second_Street_Crossing,2024-10-12 10:40:00,34,58
signal_3,Main_Street_Crossing,2024-10-12 10:45:00,57,29
signal_2,Second_Street_Crossing,2024-10-12 10:50:00,40,26
signal_3,Second_Street_Crossing,2024-10-12 10:55:00,33,56
signal_1,Main_Street_Crossing,2024-10-12 11:00:00,21,34
signal_2,Second_Street_Crossing,2024-10-12 11:05:00,27,43
signal_1,Third_Street_Crossing,2024-10-12 11:10:00,25,45
signal_3,Third_Street_Crossing,2024-10-12 11:15:00,56,45
signal_3,Second_Street_Crossing,2024-10-12 11:20:00,56,45
signal_3,Main_Street_Crossing,2024-10-12 11:25:00,52,29
signal_3,Main_Street_Crossing,2024-10-12 11:30:00,25,36
signal_3,Main_Street_Crossing,2024-10-12 11:35:00,45,33
signal_2,Second_Street_Crossing,2024-10-12 11:40:00,58,21
signal_3,Second_Street_Crossing,2024-10-12 11:45:00,56,32
signal_1,Third_Street_Crossing,2024-10-12 11:50:00,33,46
signal_2,Main_Street_Crossing,2024-10-12 11:55:00,56,28
signal_1,Second_Street_Crossing,2024-10-12 12:00:00,27,26
signal_3,Second_Street_Crossing,2024-10-12 12:05:00,58,29
signal_1,Second_Street_Crossing,2024-10-12 12:10:00,32,28
signal_2,Main_Street_Crossing,2024-10-12 12:15:00,32,41
signal_2,Main_Street_Crossing,2024-10-12 12:20:00,59,42
signal_2,Third_Street_Crossing,2024-10-12 12:25:00,47,26
signal_1,Main_Street_Crossing,2024-10-12 12:30:00,37,28
signal_2,Second_Street_Crossing,2024-10-12 12:35:00,38,46
signal_1,Third_Street_Crossing,2024-10-12 12:40:00,57,43
signal_3,Main_Street_Crossing,2024-10-12 12:45:00,51,48
signal_3,Main_Street_Crossing,2024-10-12 12:50:00,41,36
signal_1,Main_Street_Crossing,2024-10-12 12:55:00,21,39
signal_2,Main_Street_Crossing,2024-10-12 13:00:00,32,26
signal_1,Second_Street_Crossing,2024-10-12 13:05:00,42,59
signal_1,Main_Street_Crossing,2024-10-12 13:10:00,44,26
signal_1,Second_Street_Crossing,2024-10-12 13:15:00,47,47
signal_3,Second_Street_Crossing,2024-10-12 13:20:00,30,38
signal_1,Second_Street_Crossing,2024-10-12 13:25:00,52,39
signal_3,Third_Street_Crossing,2024-10-12 13:30:00,43,58
signal_1,Second_Street_Crossing,2024-10-12 13:35:00,21,59
signal_3,Main_Street_Crossing,2024-10-12 13:40:00,49,26
signal_1,Third_Street_Crossing,2024-10-12 13:45:00,36,25
signal_1,Main_Street_Crossing,2024-10-12 13:50:00,59,44
signal_2,Second_Street_Crossing,2024-10-12 13:55:00,53,32
signal_2,Main_Street_Crossing,2024-10-12 14:00:00,57,58
signal_1,Third_Street_Crossing,2024-10-12 14:05:00,41,59
signal_1,Third_Street_Crossing,2024-10-12 14:10:00,24,41
signal_1,Main_Street_Crossing,2024-10-12 14:15:00,59,36
signal_1,Main_Street_Crossing,2024-10-12 14:20:00,35,41
signal_2,Main_Street_Crossing,2024-10-12 14:25:00,32,53
signal_3,Third_Street_Crossing,2024-10-12 14:30:00,45,27
signal_1,Second_Street_Crossing,2024-10-12 14:35:00,50,37
signal_2,Main_Street_Crossing,2024-10-12 14:40:00,58,43
signal_1,Second_Street_Crossing,2024-10-12 14:45:00,42,21
signal_1,Third_Street_Crossing,2024-10-12 14:50:00,31,21
signal_3,Main_Street_Crossing,2024-10-12 14:55:00,33,46
signal_1,Main_Street_Crossing,2024-10-12 15:00:00,37,33
signal_1,Third_Street_Crossing,2024-10-12 15:05:00,46,58
signal_3,Main_Street_Crossing,2024-10-12 15:10:00,47,31
signal_3,Second_Street_Crossing,2024-10-12 15:15:00,37,51
signal_3,Third_Street_Crossing,2024-10-12 15:20:00,35,47
signal_3,Third_Street_Crossing,2024-10-12 15:25:00,35,47
signal_2,Main_Street_Crossing,2024-10-12 15:30:00,32,44
signal_2,Third_Street_Crossing,2024-10-12 15:35:00,48,23
signal_2,Main_Street_Crossing,2024-10-12 15:40:00,28,45
signal_1,Main_Street_Crossing,2024-10-12 15:45:00,45,55
signal_3,Third_Street_Crossing,2024-10-12 15:50:00,47,22
signal_3,Main_Street_Crossing,2024-10-12 15:55:00,32,20
signal_2,Second_Street_Crossing,2024-10-12 16:00:00,55,36
signal_1,Second_Street_Crossing,2024-10-12 16:05:00,28,26
signal_1,Main_Street_Crossing,2024-10-12 16:10:00,33,24
signal_1,Second_Street_Crossing,2024-10-12 16:15:00,31,38
signal_2,Main_Street_Crossing,2024-10-12 16:20:00,51,58
signal_1,Second_Street_Crossing,2024-10-12 16:25:00,57,53
signal_1,Third_Street_Crossing,2024-10-12 16:30:00,22,54
signal_1,Main_Street_Crossing,2024-10-12 16:35:00,35,35
signal_3,Main_Street_Crossing,2024-10-12 16:40:00,39,59
signal_2,Main_Street_Crossing,2024-10-12 16:45:00,51,58
signal_3,Main_Street_Crossing,2024-10-12 16:50:00,42,46
signal_3,Main_Street_Crossing,2024-10-12 16:55:00,36,57
signal_2,Main_Street_Crossing,2024-10-12 17:00:00,35,44
signal_3,Third_Street_Crossing,2024-10-12 17:05:00,57,45
signal_1,Third_Street_Crossing,2024-10-12 17:10:00,27,33
signal_1,Second_Street_Crossing,2024-10-12 17:15:00,38,33
signal_1,Main_Street_Crossing,2024-10-12 17:20:00,49,33
signal_1,Second_Street_Crossing,2024-10-12 17:25:00,53,44
signal_2,Second_Street_Crossing,2024-10-12 17:30:00,33,55
signal_3,Third_Street_Crossing,2024-10-12 17:35:00,41,23
signal_3,Second_Street_Crossing,2024-10-12 17:40:00,36,34
signal_1,Third_Street_Crossing,2024-10-12 17:45:00,34,51
signal_1,Second_Street_Crossing,2024-10-12 17:50:00,51,37
signal_3,Main_Street_Crossing,2024-10-12 17:55:00,32,33
signal_2,Second_Street_Crossing,2024-10-12 18:00:00,40,20
signal_3,Third_Street_Crossing,2024-10-12 18:05:00,59,39
signal_1,Third_Street_Crossing,2024-10-12 18:10:00,52,29
signal_1,Third_Street_Crossing,2024-10-12 18:15:00,46,29
signal_2,Second_Street_Crossing,2024-10-12 18:20:00,54,43
signal_3,Second_Street_Crossing,2024-10-12 18:25:00,35,53
signal_2,Third_Street_Crossing,2024-10-12 18:30:00,47,47
signal_2,Main_Street_Crossing,2024-10-12 18:35:00,53,46
signal_1,Main_Street_Crossing,2024-10-12 18:40:00,20,59
signal_3,Second_Street_Crossing,2024-10-12 18:45:00,50,20
signal_1,Second_Street_Crossing,2024-10-12 18:50:00,55,52
signal_3,Third_Street_Crossing,2024-10-12 18:55:00,52,23
signal_1,Second_Street_Crossing,2024-10-12 19:00:00,52,26
signal_1,Second_Street_Crossing,2024-10-12 19:05:00,58,28
signal_3,Third_Street_Crossing,2024-10-12 19:10:00,37,35
signal_3,Third_Street_Crossing,2024-10-12 19:15:00,42,24
signal_1,Second_Street_Crossing,2024-10-12 19:20:00,42,53
signal_3,Main_Street_Crossing,2024-10-12 19:25:00,34,42
signal_1,Second_Street_Crossing,2024-10-12 19:30:00,45,44
signal_3,Main_Street_Crossing,2024-10-12 19:35:00,49,32
signal_1,Main_Street_Crossing,2024-10-12 19:40:00,44,43
signal_1,Main_Street_Crossing,2024-10-12 19:45:00,35,30
signal_1,Third_Street_Crossing,2024-10-12 19:50:00,58,36
signal_2,Third_Street_Crossing,2024-10-12 19:55:00,33,56
signal_3,Third_Street_Crossing,2024-10-12 20:00:00,36,32
signal_1,Second_Street_Crossing,2024-10-12 20:05:00,31,46
signal_2,Third_Street_Crossing,2024-10-12 20:10:00,48,39
signal_1,Third_Street_Crossing,2024-10-12 20:15:00,51,52
signal_2,Second_Street_Crossing,2024-10-12 20:20:00,43,51
signal_1,Second_Street_Crossing,2024-10-12 20:25:00,32,27
signal_1,Main_Street_Crossing,2024-10-12 20:30:00,39,48
signal_2,Second_Street_Crossing,2024-10-12 20:35:00,34,59
signal_2,Second_Street_Crossing,2024-10-12 20:40:00,23,38
signal_3,Third_Street_Crossing,2024-10-12 20:45:00,53,25
signal_3,Main_Street_Crossing,2024-10-12 20:50:00,47,58
signal_2,Main_Street_Crossing,2024-10-12 20:55:00,21,40
signal_3,Second_Street_Crossing,2024-10-12 21:00:00,49,41
signal_2,Third_Street_Crossing,2024-10-12 21:05:00,45,29
signal_3,Third_Street_Crossing,2024-10-12 21:10:00,45,29
signal_1,Third_Street_Crossing,2024-10-12 21:15:00,39,48
signal_3,Third_Street_Crossing,2024-10-12 21:20:00,47,35
signal_1,Second_Street_Crossing,2024-10-12 21:25:00,39,20
signal_1,Third_Street_Crossing,2024-10-12 21:30:00,30,36
signal_3,Main_Street_Crossing,2024-10-12 21:35:00,29,49
signal_2,Main_Street_Crossing,2024-10-12 21:40:00,42,45
signal_1,Second_Street_Crossing,2024-10-12 21:45:00,56,38
signal_1,Third_Street_Crossing,2024-10-12 21:50:00,38,40
signal_3,Third_Street_Crossing,2024-10-12 21:55:00,37,36
signal_2,Third_Street_Crossing,2024-10-12 22:00:00,46,59
signal_2,Third_Street_Crossing,2024-10-12 22:05:00,25,40
signal_3,Second_Street_Crossing,2024-10-12 22:10:00,29,59
signal_2,Third_Street_Crossing,2024-10-12 22:15:00,21,38
signal_3,Second_Street_Crossing,2024-10-12 22:20:00,43,26
signal_3,Third_Street_Crossing,2024-10-12 22:25:00,57,36
signal_3,Third_Street_Crossing,2024-10-12 22:30:00,47,20
signal_1,Main_Street_Crossing,2024-10-12 22:35:00,47,56
signal_1,Second_Street_Crossing,2024-10-12 22:40:00,58,25
signal_1,Main_Street_Crossing,2024-10-12 22:45:00,21,45
signal_3,Second_Street_Crossing,2024-10-12 22:50:00,24,21
signal_1,Third_Street_Crossing,2024-10-12 22:55:00,30,51
signal_1,Third_Street_Crossing,2024-10-12 23:00:00,29,24
signal_1,Second_Street_Crossing,2024-10-12 23:05:00,21,56
signal_3,Main_Street_Crossing,2024-10-12 23:10:00,34,50
signal_3,Second_Street_Crossing,2024-10-12 23:15:00,58,31
signal_3,Second_Street_Crossing,2024-10-12 23:20:00,56,54
signal_1,Third_Street_Crossing,2024-10-12 23:25:00,26,49
signal_2,Main_Street_Crossing,2024-10-12 23:30:00,39,25
signal_1,Second_Street_Crossing,2024-10-12 23:35:00,53,34
signal_1,Main_Street_Crossing,2024-10-12 23:40:00,54,34
signal_3,Main_Street_Crossing,2024-10-12 23:45:00,53,35
signal_3,Second_Street_Crossing,2024-10-12 23:50:00,41,39
signal_1,Main_Street_Crossing,2024-10-12 23:55:00,50,32
signal_1,Third_Street_Crossing,2024-10-13 00:00:00,42,50
signal_2,Third_Street_Crossing,2024-10-13 00:05:00,38,53
signal_2,Third_Street_Crossing,2024-10-13 00:10:00,23,48
signal_3,Third_Street_Crossing,2024-10-13 00:15:00,43,22
signal_2,Main_Street_Crossing,2024-10-13 00:20:00,39,28
signal_2,Third_Street_Crossing,2024-10-13 00:25:00,58,30
signal_3,Second_Street_Crossing,2024-10-13 00:30:00,47,30
signal_2,Third_Street_Crossing,2024-10-13 00:35:00,58,44
signal_1,Second_Street_Crossing,2024-10-13 00:40:00,36,41
signal_2,Second_Street_Crossing,2024-10-13 00:45:00,38,28
signal_3,Third_Street_Crossing,2024-10-13 00:50:00,54,39
signal_1,Third_Street_Crossing,2024-10-13 00:55:00,51,40
signal_2,Main_Street_Crossing,2024-10-13 01:00:00,58,29
signal_1,Second_Street_Crossing,2024-10-13 01:05:00,54,41
signal_1,Third_Street_Crossing,2024-10-13 01:10:00,49,48
signal_2,Main_Street_Crossing,2024-10-13 01:15:00,36,28
signal_2,Third_Street_Crossing,2024-10-13 01:20:00,48,24
signal_3,Third_Street_Crossing,2024-10-13 01:25:00,25,59
signal_3,Third_Street_Crossing,2024-10-13 01:30:00,36,30
signal_1,Second_Street_Crossing,2024-10-13 01:35:00,36,20
signal_3,Third_Street_Crossing,2024-10-13 01:40:00,33,20
signal_1,Main_Street_Crossing,2024-10-13 01:45:00,43,58
signal_1,Third_Street_Crossing,2024-10-13 01:50:00,56,24
signal_3,Third_Street_Crossing,2024-10-13 01:55:00,59,41
signal_3,Main_Street_Crossing,2024-10-13 02:00:00,58,45
signal_3,Main_Street_Crossing,2024-10-13 02:05:00,51,25
signal_2,Second_Street_Crossing,2024-10-13 02:10:00,55,51
signal_1,Second_Street_Crossing,2024-10-13 02:15:00,56,30
signal_1,Second_Street_Crossing,2024-10-13 02:20:00,33,29
signal_1,Second_Street_Crossing,2024-10-13 02:25:00,46,58
signal_3,Main_Street_Crossing,2024-10-13 02:30:00,38,53
signal_3,Third_Street_Crossing,2024-10-13 02:35:00,50,50
signal_3,Third_Street_Crossing,2024-10-13 02:40:00,28,31
signal_3,Third_Street_Crossing,2024-10-13 02:45:00,57,35
signal_3,Second_Street_Crossing,2024-10-13 02:50:00,36,57
signal_2,Main_Street_Crossing,2024-10-13 02:55:00,38,22
signal_3,Main_Street_Crossing,2024-10-13 03:00:00,23,21
signal_1,Main_Street_Crossing,2024-10-13 03:05:00,30,24
signal_3,Third_Street_Crossing,2024-10-13 03:10:00,41,30
signal_1,Second_Street_Crossing,2024-10-13 03:15:00,23,44
signal_3,Main_Street_Crossing,2024-10-13 03:20:00,36,54
signal_3,Second_Street_Crossing,2024-10-13 03:25:00,27,54
signal_1,Main_Street_Crossing,2024-10-13 03:30:00,53,41
signal_1,Second_Street_Crossing,2024-10-13 03:35:00,30,56
signal_1,Main_Street_Crossing,2024-10-13 03:40:00,50,41
signal_1,Second_Street_Crossing,2024-10-13 03:45:00,30,30
signal_2,Main_Street_Crossing,2024-10-13 03:50:00,57,51
signal_1,Main_Street_Crossing,2024-10-13 03:55:00,40,54
signal_3,Second_Street_Crossing,2024-10-13 04:00:00,49,50
signal_3,Second_Street_Crossing,2024-10-13 04:05:00,29,27
signal_2,Third_Street_Crossing,2024-10-13 04:10:00,45,39
signal_1,Second_Street_Crossing,2024-10-13 04:15:00,46,53
signal_3,Main_Street_Crossing,2024-10-13 04:20:00,27,23
signal_2,Main_Street_Crossing,2024-10-13 04:25:00,58,37
signal_3,Second_Street_Crossing,2024-10-13 04:30:00,27,23
signal_2,Third_Street_Crossing,2024-10-13 04:35:00,27,39
signal_2,Second_Street_Crossing,2024-10-13 04:40:00,53,28
signal_1,Main_Street_Crossing,2024-10-13 04:45:00,35,35
signal_2,Main_Street_Crossing,2024-10-13 04:50:00,32,45
signal_3,Third_Street_Crossing,2024-10-13 04:55:00,42,57
signal_3,Second_Street_Crossing,2024-10-13 05:00:00,31,44
signal_1,Main_Street_Crossing,2024-10-13 05:05:00,46,23
signal_1,Main_Street_Crossing,2024-10-13 05:10:00,41,57
signal_2,Main_Street_Crossing,2024-10-13 05:15:00,51,38
signal_1,Second_Street_Crossing,2024-10-13 05:20:00,46,33
signal_3,Second_Street_Crossing,2024-10-13 05:25:00,21,40
signal_3,Third_Street_Crossing,2024-10-13 05:30:00,52,34
signal_1,Main_Street_Crossing,2024-10-13 05:35:00,45,22
signal_1,Main_Street_Crossing,2024-10-13 05:40:00,47,56
signal_1,Third_Street_Crossing,2024-10-13 05:45:00,38,35
signal_2,Main_Street_Crossing,2024-10-13 05:50:00,24,33
signal_2,Third_Street_Crossing,2024-10-13 05:55:00,52,28
signal_3,Third_Street_Crossing,2024-10-13 06:00:00,39,26
signal_2,Main_Street_Crossing,2024-10-13 06:05:00,49,33
signal_2,Second_Street_Crossing,2024-10-13 06:10:00,27,25
signal_2,Second_Street_Crossing,2024-10-13 06:15:00,57,40
signal_2,Second_Street_Crossing,2024-10-13 06:20:00,36,34
signal_3,Second_Street_Crossing,2024-10-13 06:25:00,20,27
signal_1,Main_Street_Crossing,2024-10-13 06:30:00,22,53
signal_3,Third_Street_Crossing,2024-10-13 06:35:00,45,59
signal_2,Third_Street_Crossing,2024-10-13 06:40:00,50,20
signal_1,Main_Street_Crossing,2024-10-13 06:45:00,27,51
signal_1,Second_Street_Crossing,2024-10-13 06:50:00,27,24
signal_1,Third_Street_Crossing,2024-10-13 06:55:00,54,49
signal_3,Main_Street_Crossing,2024-10-13 07:00:00,58,41
signal_1,Main_Street_Crossing,2024-10-13 07:05:00,47,39
signal_3,Second_Street_Crossing,2024-10-13 07:10:00,23,35
signal_3,Main_Street_Crossing,2024-10-13 07:15:00,35,26
signal_2,Third_Street_Crossing,2024-10-13 07:20:00,32,26
signal_2,Third_Street_Crossing,2024-10-13 07:25:00,39,21
signal_1,Main_Street_Crossing,2024-10-13 07:30:00,24,33
signal_1,Third_Street_Crossing,2024-10-13 07:35:00,56,50
signal_2,Main_Street_Crossing,2024-10-13 07:40:00,39,33
signal_3,Third_Street_Crossing,2024-10-13 07:45:00,43,24
signal_3,Second_Street_Crossing,2024-10-13 07:50:00,55,30
signal_2,Third_Street_Crossing,2024-10-13 07:55:00,53,59
signal_3,Second_Street_Crossing,2024-10-13 08:00:00,53,24
signal_2,Second_Street_Crossing,2024-10-13 08:05:00,38,48
signal_2,Main_Street_Crossing,2024-10-13 08:10:00,36,30
signal_1,Second_Street_Crossing,2024-10-13 08:15:00,24,24
signal_1,Third_Street_Crossing,2024-10-13 08:20:00,44,51
signal_2,Third_Street_Crossing,2024-10-13 08:25:00,37,55
signal_1,Second_Street_Crossing,2024-10-13 08:30:00,27,34
signal_2,Main_Street_Crossing,2024-10-13 08:35:00,46,38
signal_3,Second_Street_Crossing,2024-10-13 08:40:00,34,41
signal_3,Third_Street_Crossing,2024-10-13 08:45:00,32,53
signal_3,Third_Street_Crossing,2024-10-13 08:50:00,35,36
signal_3,Second_Street_Crossing,2024-10-13 08:55:00,41,31
signal_2,Second_Street_Crossing,2024-10-13 09:00:00,39,44
signal_3,Second_Street_Crossing,2024-10-13 09:05:00,32,36
signal_3,Third_Street_Crossing,2024-10-13 09:10:00,39,29
signal_3,Third_Street_Crossing,2024-10-13 09:15:00,21,47
signal_3,Third_Street_Crossing,2024-10-13 09:20:00,54,37
signal_2,Main_Street_Crossing,2024-10-13 09:25:00,38,37
signal_3,Third_Street_Crossing,2024-10-13 09:30:00,56,51
signal_1,Third_Street_Crossing,2024-10-13 09:35:00,25,33
signal_1,Main_Street_Crossing,2024-10-13 09:40:00,33,35
signal_1,Main_Street_Crossing,2024-10-13 09:45:00,23,37
signal_1,Main_Street_Crossing,2024-10-13 09:50:00,41,35
signal_1,Main_Street_Crossing,2024-10-13 09:55:00,58,36
signal_1,Main_Street_Crossing,2024-10-13 10:00:00,55,26
signal_2,Main_Street_Crossing,2024-10-13 10:05:00,53,31
signal_1,Second_Street_Crossing,2024-10-13 10:10:00,46,53
signal_3,Second_Street_Crossing,2024-10-13 10:15:00,26,29
signal_1,Second_Street_Crossing,2024-10-13 10:20:00,22,24
signal_2,Second_Street_Crossing,2024-10-13 10:25:00,52,40
signal_1,Third_Street_Crossing,2024-10-13 10:30:00,21,22
signal_3,Main_Street_Crossing,2024-10-13 10:35:00,35,38
signal_3,Third_Street_Crossing,2024-10-13 10:40:00,44,54
signal_2,Main_Street_Crossing,2024-10-13 10:45:00,34,25
signal_2,Main_Street_Crossing,2024-10-13 10:50:00,43,33
signal_2,Third_Street_Crossing,2024-10-13 10:55:00,34,23
signal_2,Second_Street_Crossing,2024-10-13 11:00:00,50,37
signal_1,Third_Street_Crossing,2024-10-13 11:05:00,33,48
signal_1,Third_Street_Crossing,2024-10-13 11:10:00,33,54
signal_3,Main_Street_Crossing,2024-10-13 11:15:00,25,57
signal_2,Main_Street_Crossing,2024-10-13 11:20:00,33,35
signal_2,Main_Street_Crossing,2024-10-13 11:25:00,36,39
signal_1,Second_Street_Crossing,2024-10-13 11:30:00,37,43
signal_2,Third_Street_Crossing,2024-10-13 11:35:00,39,54
signal_3,Third_Street_Crossing,2024-10-13 11:40:00,36,38
signal_3,Second_Street_Crossing,2024-10-13 11:45:00,35,23
signal_2,Third_Street_Crossing,2024-10-13 11:50:00,59,52
signal_3,Third_Street_Crossing,2024-10-13 11:55:00,58,21
signal_3,Main_Street_Crossing,2024-10-13 12:00:00,51,32
signal_1,Second_Street_Crossing,2024-10-13 12:05:00,28,49
signal_3,Main_Street_Crossing,2024-10-13 12:10:00,46,53
signal_2,Second_Street_Crossing,2024-10-13 12:15:00,52,49
signal_2,Main_Street_Crossing,2024-10-13 12:20:00,29,43
signal_3,Third_Street_Crossing,2024-10-13 12:25:00,36,52
signal_2,Second_Street_Crossing,2024-10-13 12:30:00,55,29
signal_1,Second_Street_Crossing,2024-10-13 12:35:00,36,37
signal_3,Main_Street_Crossing,2024-10-13 12:40:00,37,38
signal_3,Second_Street_Crossing,2024-10-13 12:45:00,42,26
signal_3,Third_Street_Crossing,2024-10-13 12:50:00,53,38
signal_2,Third_Street_Crossing,2024-10-13 12:55:00,27,43
signal_2,Third_Street_Crossing,2024-10-13 13:00:00,32,34
signal_3,Main_Street_Crossing,2024-10-13 13:05:00,42,42
signal_2,Second_Street_Crossing,2024-10-13 13:10:00,39,23
signal_2,Main_Street_Crossing,2024-10-13 13:15:00,41,57
signal_3,Third_Street_Crossing,2024-10-13 13:20:00,42,23
signal_3,Second_Street_Crossing,2024-10-13 13:25:00,54,24
signal_2,Third_Street_Crossing,2024-10-13 13:30:00,22,42
signal_3,Second_Street_Crossing,2024-10-13 13:35:00,53,59
signal_3,Second_Street_Crossing,2024-10-13 13:40:00,52,56
signal_3,Main_Street_Crossing,2024-10-13 13:45:00,36,30
signal_3,Second_Street_Crossing,2024-10-13 13:50:00,38,30
signal_2,Third_Street_Crossing,2024-10-13 13:55:00,49,32
signal_3,Second_Street_Crossing,2024-10-13 14:00:00,42,33
signal_1,Third_Street_Crossing,2024-10-13 14:05:00,34,27
signal_3,Main_Street_Crossing,2024-10-13 14:10:00,33,44
signal_1,Third_Street_Crossing,2024-10-13 14:15:00,21,37
signal_3,Second_Street_Crossing,2024-10-13 14:20:00,58,37
signal_1,Third_Street_Crossing,2024-10-13 14:25:00,37,29
signal_1,Third_Street_Crossing,2024-10-13 14:30:00,25,26
signal_3,Second_Street_Crossing,2024-10-13 14:35:00,51,33
signal_3,Third_Street_Crossing,2024-10-13 14:40:00,40,34
signal_3,Second_Street_Crossing,2024-10-13 14:45:00,59,35
signal_1,Main_Street_Crossing,2024-10-13 14:50:00,47,21
signal_2,Third_Street_Crossing,2024-10-13 14:55:00,46,49
signal_2,Main_Street_Crossing,2024-10-13 15:00:00,21,49
signal_3,Third_Street_Crossing,2024-10-13 15:05:00,52,37
signal_2,Third_Street_Crossing,2024-10-13 15:10:00,35,50
signal_2,Main_Street_Crossing,2024-10-13 15:15:00,58,32
signal_3,Third_Street_Crossing,2024-10-13 15:20:00,41,39
signal_1,Third_Street_Crossing,2024-10-13 15:25:00,32,54
signal_3,Main_Street_Crossing,2024-10-13 15:30:00,21,42
signal_2,Third_Street_Crossing,2024-10-13 15:35:00,33,52
signal_1,Second_Street_Crossing,2024-10-13 15:40:00,57,57
signal_2,Third_Street_Crossing,2024-10-13 15:45:00,47,54
signal_1,Third_Street_Crossing,2024-10-13 15:50:00,26,55
signal_2,Third_Street_Crossing,2024-10-13 15:55:00,37,39
signal_3,Main_Street_Crossing,2024-10-13 16:00:00,55,22
signal_2,Second_Street_Crossing,2024-10-13 16:05:00,55,27
signal_2,Second_Street_Crossing,2024-10-13 16:10:00,23,59
signal_1,Third_Street_Crossing,2024-10-13 16:15:00,49,51
signal_2,Main_Street_Crossing,2024-10-13 16:20:00,43,48
signal_3,Main_Street_Crossing,2024-10-13 16:25:00,39,26
signal_3,Second_Street_Crossing,2024-10-13 16:30:00,50,21
signal_3,Main_Street_Crossing,2024-10-13 16:35:00,43,40
signal_1,Third_Street_Crossing,2024-10-13 16:40:00,26,25
signal_1,Third_Street_Crossing,2024-10-13 16:45:00,45,47
signal_2,Main_Street_Crossing,2024-10-13 16:50:00,32,55
signal_2,Third_Street_Crossing,2024-10-13 16:55:00,27,51
signal_2,Second_Street_Crossing,2024-10-13 17:00:00,24,28
signal_1,Third_Street_Crossing,2024-10-13 17:05:00,32,30
signal_1,Main_Street_Crossing,2024-10-13 17:10:00,48,42
signal_2,Second_Street_Crossing,2024-10-13 17:15:00,39,30
signal_1,Third_Street_Crossing,2024-10-13 17:20:00,33,21
signal_1,Second_Street_Crossing,2024-10-13 17:25:00,51,22
signal_3,Main_Street_Crossing,2024-10-13 17:30:00,46,30
signal_3,Third_Street_Crossing,2024-10-13 17:35:00,44,54
signal_2,Third_Street_Crossing,2024-10-13 17:40:00,23,34
signal_2,Second_Street_Crossing,2024-10-13 17:45:00,40,30
signal_3,Third_Street_Crossing,2024-10-13 17:50:00,37,50
signal_1,Third_Street_Crossing,2024-10-13 17:55:00,58,47
signal_2,Third_Street_Crossing,2024-10-13 18:00:00,34,47
signal_2,Third_Street_Crossing,2024-10-13 18:05:00,57,51
signal_2,Main_Street_Crossing,2024-10-13 18:10:00,43,44
signal_1,Third_Street_Crossing,2024-10-13 18:15:00,27,39
signal_3,Second_Street_Crossing,2024-10-13 18:20:00,47,47
signal_2,Main_Street_Crossing,2024-10-13 18:25:00,40,44
signal_3,Second_Street_Crossing,2024-10-13 18:30:00,35,30
signal_3,Second_Street_Crossing,2024-10-13 18:35:00,35,38
signal_1,Second_Street_Crossing,2024-10-13 18:40:00,54,47
signal_1,Main_Street_Crossing,2024-10-13 18:45:00,36,20
signal_1,Main_Street_Crossing,2024-10-13 18:50:00,28,24
signal_1,Main_Street_Crossing,2024-10-13 18:55:00,54,29
signal_1,Third_Street_Crossing,2024-10-13 19:00:00,48,53
signal_1,Second_Street_Crossing,2024-10-13 19:05:00,58,55
signal_2,Main_Street_Crossing,2024-10-13 19:10:00,37,21
signal_3,Second_Street_Crossing,2024-10-13 19:15:00,31,37
signal_1,Main_Street_Crossing,2024-10-13 19:20:00,38,32
signal_2,Main_Street_Crossing,2024-10-13 19:25:00,41,24
signal_3,Main_Street_Crossing,2024-10-13 19:30:00,34,39
signal_1,Second_Street_Crossing,2024-10-13 19:35:00,20,21
signal_1,Third_Street_Crossing,2024-10-13 19:40:00,21,30
signal_2,Main_Street_Crossing,2024-10-13 19:45:00,27,49
signal_3,Main_Street_Crossing,2024-10-13 19:50:00,41,51
signal_1,Main_Street_Crossing,2024-10-13 19:55:00,44,51
signal_3,Third_Street_Crossing,2024-10-13 20:00:00,21,57
signal_2,Second_Street_Crossing,2024-10-13 20:05:00,28,47
signal_1,Second_Street_Crossing,2024-10-13 20:10:00,28,29
signal_3,Second_Street_Crossing,2024-10-13 20:15:00,32,41
signal_2,Second_Street_Crossing,2024-10-13 20:20:00,25,36
signal_2,Main_Street_Crossing,2024-10-13 20:25:00,49,41
signal_1,Third_Street_Crossing,2024-10-13 20:30:00,34,38
signal_3,Main_Street_Crossing,2024-10-13 20:35:00,34,36
signal_1,Third_Street_Crossing,2024-10-13 20:40:00,26,43
signal_1,Second_Street_Crossing,2024-10-13 20:45:00,30,55
signal_3,Third_Street_Crossing,2024-10-13 20:50:00,59,51
signal_3,Main_Street_Crossing,2024-10-13 20:55:00,57,55
signal_3,Main_Street_Crossing,2024-10-13 21:00:00,59,47
signal_2,Second_Street_Crossing,2024-10-13 21:05:00,21,33
signal_2,Main_Street_Crossing,2024-10-13 21:10:00,58,55
signal_3,Main_Street_Crossing,2024-10-13 21:15:00,29,25
signal_2,Third_Street_Crossing,2024-10-13 21:20:00,36,28
signal_1,Main_Street_Crossing,2024-10-13 21:25:00,26,40
signal_3,Second_Street_Crossing,2024-10-13 21:30:00,59,31
signal_1,Second_Street_Crossing,2024-10-13 21:35:00,58,49
signal_3,Main_Street_Crossing,2024-10-13 21:40:00,23,50
signal_1,Second_Street_Crossing,2024-10-13 21:45:00,54,59
signal_3,Third_Street_Crossing,2024-10-13 21:50:00,55,23
signal_1,Third_Street_Crossing,2024-10-13 21:55:00,50,50
signal_3,Main_Street_Crossing,2024-10-13 22:00:00,44,46
signal_3,Main_Street_Crossing,2024-10-13 22:05:00,32,44
signal_2,Third_Street_Crossing,2024-10-13 22:10:00,37,24
signal_1,Second_Street_Crossing,2024-10-13 22:15:00,40,25
signal_2,Main_Street_Crossing,2024-10-13 22:20:00,20,24
signal_1,Main_Street_Crossing,2024-10-13 22:25:00,55,46
signal_2,Second_Street_Crossing,2024-10-13 22:30:00,27,27
signal_3,Main_Street_Crossing,2024-10-13 22:35:00,40,28
signal_2,Second_Street_Crossing,2024-10-13 22:40:00,40,34
signal_2,Second_Street_Crossing,2024-10-13 22:45:00,46,55
signal_3,Second_Street_Crossing,2024-10-13 22:50:00,38,26
signal_2,Second_Street_Crossing,2024-10-13 22:55:00,42,51
signal_3,Second_Street_Crossing,2024-10-13 23:00:00,54,27
signal_1,Third_Street_Crossing,2024-10-13 23:05:00,59,34
signal_2,Second_Street_Crossing,2024-10-13 23:10:00,24,56
signal_3,Third_Street_Crossing,2024-10-13 23:15:00,27,38
signal_3,Second_Street_Crossing,2024-10-13 23:20:00,30,58
signal_2,Main_Street_Crossing,2024-10-13 23:25:00,35,25
signal_1,Third_Street_Crossing,2024-10-13 23:30:00,58,38
signal_2,Main_Street_Crossing,2024-10-13 23:35:00,43,47
signal_3,Second_Street_Crossing,2024-10-13 23:40:00,40,36
signal_1,Second_Street_Crossing,2024-10-13 23:45:00,42,38
signal_2,Main_Street_Crossing,2024-10-13 23:50:00,57,50
signal_3,Second_Street_Crossing,2024-10-13 23:55:00,27,30
signal_2,Main_Street_Crossing,2024-10-14 00:00:00,26,34
signal_1,Second_Street_Crossing,2024-10-14 00:05:00,21,29
signal_1,Second_Street_Crossing,2024-10-14 00:10:00,49,42
signal_1,Third_Street_Crossing,2024-10-14 00:15:00,32,22
signal_1,Main_Street_Crossing,2024-10-14 00:20:00,42,22
signal_1,Second_Street_Crossing,2024-10-14 00:25:00,48,37
signal_2,Main_Street_Crossing,2024-10-14 00:30:00,57,44
signal_1,Third_Street_Crossing,2024-10-14 00:35:00,56,39
signal_1,Main_Street_Crossing,2024-10-14 00:40:00,39,48
signal_3,Third_Street_Crossing,2024-10-14 00:45:00,52,41
signal_1,Main_Street_Crossing,2024-10-14 00:50:00,48,34
signal_3,Main_Street_Crossing,2024-10-14 00:55:00,34,58
signal_3,Third_Street_Crossing,2024-10-14 01:00:00,42,29
signal_3,Second_Street_Crossing,2024-10-14 01:05:00,22,40
signal_2,Second_Street_Crossing,2024-10-14 01:10:00,56,48
signal_2,Second_Street_Crossing,2024-10-14 01:15:00,48,51
signal_3,Main_Street_Crossing,2024-10-14 01:20:00,27,29
signal_2,Main_Street_Crossing,2024-10-14 01:25:00,41,32
signal_1,Second_Street_Crossing,2024-10-14 01:30:00,48,42
signal_2,Main_Street_Crossing,2024-10-14 01:35:00,21,42
signal_1,Main_Street_Crossing,2024-10-14 01:40:00,20,50
signal_1,Second_Street_Crossing,2024-10-14 01:45:00,39,23
signal_2,Third_Street_Crossing,2024-10-14 01:50:00,40,22
signal_2,Main_Street_Crossing,2024-10-14 01:55:00,56,40
signal_3,Main_Street_Crossing,2024-10-14 02:00:00,27,21
signal_2,Main_Street_Crossing,2024-10-14 02:05:00,46,23
signal_2,Main_Street_Crossing,2024-10-14 02:10:00,54,20
signal_2,Third_Street_Crossing,2024-10-14 02:15:00,25,34
signal_1,Second_Street_Crossing,2024-10-14 02:20:00,38,52
signal_1,Main_Street_Crossing,2024-10-14 02:25:00,37,25
signal_1,Second_Street_Crossing,2024-10-14 02:30:00,20,26
signal_3,Main_Street_Crossing,2024-10-14 02:35:00,44,38
signal_3,Third_Street_Crossing,2024-10-14 02:40:00,46,20
signal_3,Second_Street_Crossing,2024-10-14 02:45:00,26,58
signal_1,Third_Street_Crossing,2024-10-14 02:50:00,48,38
signal_2,Main_Street_Crossing,2024-10-14 02:55:00,50,45
signal_3,Third_Street_Crossing,2024-10-14 03:00:00,55,31
signal_3,Third_Street_Crossing,2024-10-14 03:05:00,38,41
signal_1,Main_Street_Crossing,2024-10-14 03:10:00,25,32
signal_3,Main_Street_Crossing,2024-10-14 03:15:00,44,47
signal_2,Second_Street_Crossing,2024-10-14 03:20:00,50,33
signal_1,Main_Street_Crossing,2024-10-14 03:25:00,28,41
signal_1,Second_Street_Crossing,2024-10-14 03:30:00,39,49
signal_2,Third_Street_Crossing,2024-10-14 03:35:00,29,39
signal_2,Third_Street_Crossing,2024-10-14 03:40:00,56,46
signal_2,Second_Street_Crossing,2024-10-14 03:45:00,46,57
signal_3,Main_Street_Crossing,2024-10-14 03:50:00,32,53
signal_2,Main_Street_Crossing,2024-10-14 03:55:00,21,58
signal_1,Third_Street_Crossing,2024-10-14 04:00:00,40,56
signal_2,Second_Street_Crossing,2024-10-14 04:05:00,52,20
signal_1,Third_Street_Crossing,2024-10-14 04:10:00,43,34
signal_1,Third_Street_Crossing,2024-10-14 04:15:00,53,51
signal_3,Main_Street_Crossing,2024-10-14 04:20:00,28,27
signal_2,Second_Street_Crossing,2024-10-14 04:25:00,21,52
signal_3,Third_Street_Crossing,2024-10-14 04:30:00,49,37
signal_2,Main_Street_Crossing,2024-10-14 04:35:00,41,48
signal_2,Third_Street_Crossing,2024-10-14 04:40:00,30,51
signal_2,Third_Street_Crossing,2024-10-14 04:45:00,36,52
signal_2,Main_Street_Crossing,2024-10-14 04:50:00,55,24
signal_2,Main_Street_Crossing,2024-10-14 04:55:00,32,37
signal_1,Second_Street_Crossing,2024-10-14 05:00:00,26,29
signal_1,Third_Street_Crossing,2024-10-14 05:05:00,35,55
signal_2,Second_Street_Crossing,2024-10-14 05:10:00,52,52
signal_1,Main_Street_Crossing,2024-10-14 05:15:00,20,42
signal_3,Main_Street_Crossing,2024-10-14 05:20:00,30,59
signal_3,Third_Street_Crossing,2024-10-14 05:25:00,25,24
signal_3,Second_Street_Crossing,2024-10-14 05:30:00,39,53
signal_2,Second_Street_Crossing,2024-10-14 05:35:00,54,43
signal_2,Third_Street_Crossing,2024-10-14 05:40:00,56,36
signal_1,Third_Street_Crossing,2024-10-14 05:45:00,45,50
signal_1,Second_Street_Crossing,2024-10-14 05:50:00,31,26
signal_1,Main_Street_Crossing,2024-10-14 05:55:00,49,36
signal_3,Main_Street_Crossing,2024-10-14 06:00:00,47,47
signal_3,Third_Street_Crossing,2024-10-14 06:05:00,46,57
signal_3,Second_Street_Crossing,2024-10-14 06:10:00,38,41
signal_3,Second_Street_Crossing,2024-10-14 06:15:00,24,34
signal_1,Second_Street_Crossing,2024-10-14 06:20:00,24,56
signal_2,Main_Street_Crossing,2024-10-14 06:25:00,46,34
signal_2,Main_Street_Crossing,2024-10-14 06:30:00,47,44
signal_3,Second_Street_Crossing,2024-10-14 06:35:00,45,40
signal_2,Second_Street_Crossing,2024-10-14 06:40:00,46,57
signal_2,Third_Street_Crossing,2024-10-14 06:45:00,40,21
signal_2,Third_Street_Crossing,2024-10-14 06:50:00,20,46
signal_3,Second_Street_Crossing,2024-10-14 06:55:00,47,51
signal_1,Second_Street_Crossing,2024-10-14 07:00:00,34,40
signal_1,Main_Street_Crossing,2024-10-14 07:05:00,36,23
signal_2,Second_Street_Crossing,2024-10-14 07:10:00,45,38
signal_1,Third_Street_Crossing,2024-10-14 07:15:00,39,21
signal_1,Main_Street_Crossing,2024-10-14 07:20:00,44,45
signal_3,Third_Street_Crossing,2024-10-14 07:25:00,32,53
signal_3,Third_Street_Crossing,2024-10-14 07:30:00,52,33
signal_2,Main_Street_Crossing,2024-10-14 07:35:00,44,34
signal_2,Third_Street_Crossing,2024-10-14 07:40:00,27,39
signal_2,Second_Street_Crossing,2024-10-14 07:45:00,24,53
signal_3,Third_Street_Crossing,2024-10-14 07:50:00,25,55
signal_1,Main_Street_Crossing,2024-10-14 07:55:00,42,38
signal_3,Main_Street_Crossing,2024-10-14 08:00:00,49,28
signal_3,Main_Street_Crossing,2024-10-14 08:05:00,33,26
signal_1,Third_Street_Crossing,2024-10-14 08:10:00,42,49
signal_1,Second_Street_Crossing,2024-10-14 08:15:00,30,32
signal_2,Main_Street_Crossing,2024-10-14 08:20:00,50,46
signal_1,Second_Street_Crossing,2024-10-14 08:25:00,25,54
signal_1,Main_Street_Crossing,2024-10-14 08:30:00,30,32
signal_1,Second_Street_Crossing,2024-10-14 08:35:00,32,34
signal_1,Second_Street_Crossing,2024-10-14 08:40:00,31,28
signal_2,Second_Street_Crossing,2024-10-14 08:45:00,21,42
signal_2,Main_Street_Crossing,2024-10-14 08:50:00,54,55
signal_1,Third_Street_Crossing,2024-10-14 08:55:00,55,59
signal_1,Third_Street_Crossing,2024-10-14 09:00:00,36,22
signal_2,Third_Street_Crossing,2024-10-14 09:05:00,47,53
signal_2,Second_Street_Crossing,2024-10-14 09:10:00,47,38
signal_1,Main_Street_Crossing,2024-10-14 09:15:00,41,47
signal_3,Second_Street_Crossing,2024-10-14 09:20:00,57,42
signal_2,Main_Street_Crossing,2024-10-14 09:25:00,26,59
signal_2,Second_Street_Crossing,2024-10-14 09:30:00,34,26
signal_2,Main_Street_Crossing,2024-10-14 09:35:00,51,31
signal_1,Main_Street_Crossing,2024-10-14 09:40:00,30,33
signal_1,Main_Street_Crossing,2024-10-14 09:45:00,43,34
signal_2,Second_Street_Crossing,2024-10-14 09:50:00,22,22
signal_1,Third_Street_Crossing,2024-10-14 09:55:00,49,34
signal_1,Second_Street_Crossing,2024-10-14 10:00:00,25,43
signal_2,Second_Street_Crossing,2024-10-14 10:05:00,21,27
signal_1,Main_Street_Crossing,2024-10-14 10:10:00,33,24
signal_3,Main_Street_Crossing,2024-10-14 10:15:00,37,23
signal_1,Third_Street_Crossing,2024-10-14 10:20:00,50,33
signal_1,Third_Street_Crossing,2024-10-14 10:25:00,32,35
signal_2,Main_Street_Crossing,2024-10-14 10:30:00,45,39
signal_2,Third_Street_Crossing,2024-10-14 10:35:00,31,43
signal_3,Third_Street_Crossing,2024-10-14 10:40:00,37,25
signal_1,Main_Street_Crossing,2024-10-14 10:45:00,28,50
signal_3,Second_Street_Crossing,2024-10-14 10:50:00,40,25
signal_3,Third_Street_Crossing,2024-10-14 10:55:00,59,54
signal_2,Main_Street_Crossing,2024-10-14 11:00:00,43,34
signal_1,Third_Street_Crossing,2024-10-14 11:05:00,53,48
signal_2,Third_Street_Crossing,2024-10-14 11:10:00,27,22
signal_3,Main_Street_Crossing,2024-10-14 11:15:00,52,30
signal_3,Third_Street_Crossing,2024-10-14 11:20:00,42,22
signal_2,Third_Street_Crossing,2024-10-14 11:25:00,32,47
signal_2,Third_Street_Crossing,2024-10-14 11:30:00,33,29
signal_2,Second_Street_Crossing,2024-10-14 11:35:00,33,52
signal_2,Second_Street_Crossing,2024-10-14 11:40:00,35,35
signal_2,Third_Street_Crossing,2024-10-14 11:45:00,57,29
signal_3,Main_Street_Crossing,2024-10-14 11:50:00,58,52
signal_2,Third_Street_Crossing,2024-10-14 11:55:00,45,55
signal_1,Third_Street_Crossing,2024-10-14 12:00:00,45,22
signal_3,Second_Street_Crossing,2024-10-14 12:05:00,20,24
signal_3,Second_Street_Crossing,2024-10-14 12:10:00,51,31
signal_1,Second_Street_Crossing,2024-10-14 12:15:00,34,32
signal_1,Third_Street_Crossing,2024-10-14 12:20:00,40,43
signal_3,Third_Street_Crossing,2024-10-14 12:25:00,37,51
signal_2,Main_Street_Crossing,2024-10-14 12:30:00,49,35
signal_3,Third_Street_Crossing,2024-10-14 12:35:00,32,51
signal_3,Third_Street_Crossing,2024-10-14 12:40:00,43,56
signal_1,Second_Street_Crossing,2024-10-14 12:45:00,49,55
signal_3,Second_Street_Crossing,2024-10-14 12:50:00,21,40
signal_2,Second_Street_Crossing,2024-10-14 12:55:00,38,31
signal_1,Second_Street_Crossing,2024-10-14 13:00:00,44,40
signal_3,Second_Street_Crossing,2024-10-14 13:05:00,33,40
signal_3,Main_Street_Crossing,2024-10-14 13:10:00,25,25
signal_2,Main_Street_Crossing,2024-10-14 13:15:00,31,28
signal_3,Main_Street_Crossing,2024-10-14 13:20:00,39,20
signal_3,Second_Street_Crossing,2024-10-14 13:25:00,42,31
signal_3,Second_Street_Crossing,2024-10-14 13:30:00,49,33
signal_3,Second_Street_Crossing,2024-10-14 13:35:00,49,25
signal_2,Main_Street_Crossing,2024-10-14 13:40:00,57,20
signal_3,Second_Street_Crossing,2024-10-14 13:45:00,49,41
signal_3,Main_Street_Crossing,2024-10-14 13:50:00,49,53
signal_3,Second_Street_Crossing,2024-10-14 13:55:00,55,30
signal_1,Third_Street_Crossing,2024-10-14 14:00:00,53,22
signal_2,Main_Street_Crossing,2024-10-14 14:05:00,35,25
signal_1,Third_Street_Crossing,2024-10-14 14:10:00,43,25
signal_1,Main_Street_Crossing,2024-10-14 14:15:00,33,39
signal_2,Second_Street_Crossing,2024-10-14 14:20:00,45,40
signal_1,Second_Street_Crossing,2024-10-14 14:25:00,27,21
signal_1,Third_Street_Crossing,2024-10-14 14:30:00,33,45
signal_1,Second_Street_Crossing,2024-10-14 14:35:00,50,50
signal_2,Main_Street_Crossing,2024-10-14 14:40:00,21,45
signal_3,Second_Street_Crossing,2024-10-14 14:45:00,23,51
signal_2,Second_Street_Crossing,2024-10-14 14:50:00,20,29
signal_2,Main_Street_Crossing,2024-10-14 14:55:00,39,42
signal_2,Third_Street_Crossing,2024-10-14 15:00:00,33,25
signal_1,Third_Street_Crossing,2024-10-14 15:05:00,59,42
signal_3,Second_Street_Crossing,2024-10-14 15:10:00,44,47
signal_2,Main_Street_Crossing,2024-10-14 15:15:00,44,49
signal_2,Third_Street_Crossing,2024-10-14 15:20:00,22,33
signal_3,Third_Street_Crossing,2024-10-14 15:25:00,24,56
signal_3,Second_Street_Crossing,2024-10-14 15:30:00,57,51
signal_3,Main_Street_Crossing,2024-10-14 15:35:00,45,53
signal_1,Third_Street_Crossing,2024-10-14 15:40:00,59,41
signal_3,Second_Street_Crossing,2024-10-14 15:45:00,57,50
signal_1,Second_Street_Crossing,2024-10-14 15:50:00,57,26
signal_2,Second_Street_Crossing,2024-10-14 15:55:00,23,40
signal_1,Second_Street_Crossing,2024-10-14 16:00:00,26,35
signal_3,Third_Street_Crossing,2024-10-14 16:05:00,49,39
signal_1,Main_Street_Crossing,2024-10-14 16:10:00,49,38
signal_3,Second_Street_Crossing,2024-10-14 16:15:00,38,51
signal_1,Second_Street_Crossing,2024-10-14 16:20:00,58,34
signal_2,Third_Street_Crossing,2024-10-14 16:25:00,54,24
signal_1,Second_Street_Crossing,2024-10-14 16:30:00,59,30
signal_2,Second_Street_Crossing,2024-10-14 16:35:00,52,34
signal_3,Main_Street_Crossing,2024-10-14 16:40:00,52,48
signal_2,Second_Street_Crossing,2024-10-14 16:45:00,33,23
signal_3,Third_Street_Crossing,2024-10-14 16:50:00,57,55
signal_3,Main_Street_Crossing,2024-10-14 16:55:00,29,42
signal_2,Third_Street_Crossing,2024-10-14 17:00:00,47,34
signal_2,Main_Street_Crossing,2024-10-14 17:05:00,33,22
signal_1,Main_Street_Crossing,2024-10-14 17:10:00,55,51
signal_1,Second_Street_Crossing,2024-10-14 17:15:00,57,29
signal_2,Second_Street_Crossing,2024-10-14 17:20:00,35,59
signal_2,Second_Street_Crossing,2024-10-14 17:25:00,40,57
signal_2,Third_Street_Crossing,2024-10-14 17:30:00,47,41
signal_2,Second_Street_Crossing,2024-10-14 17:35:00,52,33
signal_3,Second_Street_Crossing,2024-10-14 17:40:00,25,36
signal_2,Main_Street_Crossing,2024-10-14 17:45:00,34,40
signal_2,Second_Street_Crossing,2024-10-14 17:50:00,22,34
signal_2,Second_Street_Crossing,2024-10-14 17:55:00,54,34
signal_2,Second_Street_Crossing,2024-10-14 18:00:00,33,20
signal_3,Second_Street_Crossing,2024-10-14 18:05:00,21,43
signal_1,Main_Street_Crossing,2024-10-14 18:10:00,48,31
signal_1,Second_Street_Crossing,2024-10-14 18:15:00,23,29
signal_1,Main_Street_Crossing,2024-10-14 18:20:00,45,50
signal_1,Third_Street_Crossing,2024-10-14 18:25:00,31,30
signal_1,Second_Street_Crossing,2024-10-14 18:30:00,21,35
signal_3,Second_Street_Crossing,2024-10-14 18:35:00,36,28
signal_1,Second_Street_Crossing,2024-10-14 18:40:00,54,33
signal_3,Main_Street_Crossing,2024-10-14 18:45:00,29,38
signal_3,Second_Street_Crossing,2024-10-14 18:50:00,41,50
signal_1,Second_Street_Crossing,2024-10-14 18:55:00,40,28
signal_1,Third_Street_Crossing,2024-10-14 19:00:00,34,55
signal_1,Main_Street_Crossing,2024-10-14 19:05:00,54,58
signal_2,Main_Street_Crossing,2024-10-14 19:10:00,40,45
signal_3,Third_Street_Crossing,2024-10-14 19:15:00,40,27
